TCR,Peptide,Label
CASSLAKGNEQFF,ALWGFFPVL,0
CASSQTGDNEQFF,GILGFVFTL,0
CASSLGTSNEQFF,KLGGALQAK,0
CASSQTGDNEQFF,GILGFVFTL,1
CASSQTGDNEQFF,YLQPRTFLL,0
CASSLDRGNEQFF,GILGFVFTL,1
CASSQTGDNEQFF,LLWNGPMAV,1
CASSLWGSNEQFF,LLWNGPMAV,1
CASSLGTSNEQFF,LLWNGPMAV,0
CASSLGRANEQFF,LLWNGPMAV,0
CASSLGTSNEQFF,KLGGALQAK,1
CASSLAKGNEQFF,ALWGFFPVL,1
CASSLGRANEQFF,KLGGALQAK,0
CASSQGQGDNEQFF,RAKFKQLL,0
CASSLGRANEQFF,RAKFKQLL,1
CASSTSGSNEQFF,KVAELVHFL,1
CASSPGQGDNEQFF,SLFNTVATL,0
CASSLGTSNEQFF,GILGFVFTL,1
CASSTSGSNEQFF,RAKFKQLL,1
CASSQTGDNEQFF,KLGGALQAK,1
CASSLGQETQYF,ALWGFFPVL,1
CASSQTGDNEQFF,ALWGFFPVL,1
CASSLDRGNEQFF,LLWNGPMAV,1
CASSTSGSNEQFF,LLWNGPMAV,0
CASSPGQGDNEQFF,SLFNTVATL,1
CASSPGQGDNEQFF,SLFNTVATL,1
CASSTSGSNEQFF,YLQPRTFLL,1
CASSLAKGNEQFF,KVAELVHFL,1
CASSQTGDNEQFF,GILGFVFTL,1
CASSPGQGDNEQFF,GILGFVFTL,1
CASSLGTSNEQFF,KVAELVHFL,1
CASSLGRANEQFF,LLWNGPMAV,0
CASSLAKGNEQFF,KVAELVHFL,1
CASSLGQETQYF,YLQPRTFLL,1
CASSQGQGDNEQFF,LLWNGPMAV,1
CASSQGQGDNEQFF,KLGGALQAK,0
CASSLWGSNEQFF,SLFNTVATL,0
CASSLGTSNEQFF,KVAELVHFL,1
CASSLAKGNEQFF,KVAELVHFL,1
CASSPGQGDNEQFF,LLWNGPMAV,1
CASSLAKGNEQFF,RAKFKQLL,1
CASSQTGDNEQFF,GILGFVFTL,0
CASSQTGDNEQFF,LLWNGPMAV,0
CASSQGQGDNEQFF,LLWNGPMAV,0
CASSLWGSNEQFF,KLGGALQAK,0
CASSLWGSNEQFF,SLFNTVATL,0
CASSLAKGNEQFF,KVAELVHFL,0
CASSLGTSNEQFF,SLFNTVATL,1
CASSQGQGDNEQFF,RAKFKQLL,0
CASSTSGSNEQFF,ALWGFFPVL,1
CASSLWGSNEQFF,RAKFKQLL,0
CASSTSGSNEQFF,RAKFKQLL,0
CASSQGQGDNEQFF,LLWNGPMAV,1
CASSPGQGDNEQFF,SLFNTVATL,0
CASSLGRANEQFF,GILGFVFTL,1
CASSTSGSNEQFF,SLFNTVATL,0
CASSLGRANEQFF,RAKFKQLL,1
CASSLGQETQYF,LLWNGPMAV,0
CASSLGRANEQFF,ALWGFFPVL,0
CASSLGRANEQFF,KLGGALQAK,0
CASSLDRGNEQFF,YLQPRTFLL,0
CASSLGRANEQFF,GILGFVFTL,0
CASSQGQGDNEQFF,SLFNTVATL,1
CASSQTGDNEQFF,LLWNGPMAV,1
CASSQTGDNEQFF,KVAELVHFL,1
CASSLGQETQYF,LLWNGPMAV,1
CASSTSGSNEQFF,RAKFKQLL,1
CASSQGQGDNEQFF,LLWNGPMAV,0
CASSLGQETQYF,YLQPRTFLL,0
CASSLGQETQYF,GLCTLVAML,1
CASSLDRGNEQFF,RAKFKQLL,0
CASSLGQETQYF,LLWNGPMAV,0
CASSPGQGDNEQFF,GILGFVFTL,1
CASSLGTSNEQFF,LLWNGPMAV,1
CASSLAKGNEQFF,ALWGFFPVL,0
CASSQTGDNEQFF,LLWNGPMAV,0
CASSLDRGNEQFF,YLQPRTFLL,0
CASSTSGSNEQFF,GLCTLVAML,1
CASSLDRGNEQFF,LLWNGPMAV,0
CASSLDRGNEQFF,KLGGALQAK,1
CASSTSGSNEQFF,KLGGALQAK,1
CASSQGQGDNEQFF,KLGGALQAK,1
CASSLAKGNEQFF,ALWGFFPVL,0
CASSLGQETQYF,YLQPRTFLL,1
CASSLAKGNEQFF,GLCTLVAML,1
CASSLGQETQYF,KVAELVHFL,0
CASSPGQGDNEQFF,RAKFKQLL,0
CASSLGTSNEQFF,KLGGALQAK,0
CASSLGTSNEQFF,KVAELVHFL,1
CASSLGQETQYF,GLCTLVAML,0
CASSLWGSNEQFF,GILGFVFTL,1
CASSLAKGNEQFF,KVAELVHFL,0
CASSQGQGDNEQFF,KLGGALQAK,1
CASSQGQGDNEQFF,ALWGFFPVL,1
CASSLDRGNEQFF,YLQPRTFLL,0
CASSQTGDNEQFF,ALWGFFPVL,0
CASSLGQETQYF,YLQPRTFLL,1
CASSLDRGNEQFF,YLQPRTFLL,1
CASSQGQGDNEQFF,KVAELVHFL,0
CASSLGRANEQFF,GLCTLVAML,1
CASSPGQGDNEQFF,GLCTLVAML,1
CASSQGQGDNEQFF,KVAELVHFL,1
CASSLGQETQYF,ALWGFFPVL,0
CASSLWGSNEQFF,ALWGFFPVL,1
CASSQTGDNEQFF,RAKFKQLL,0
CASSLGQETQYF,LLWNGPMAV,1
CASSQGQGDNEQFF,LLWNGPMAV,0
CASSLDRGNEQFF,LLWNGPMAV,1
CASSQGQGDNEQFF,LLWNGPMAV,1
CASSPGQGDNEQFF,GILGFVFTL,1
CASSLGQETQYF,LLWNGPMAV,0
CASSQGQGDNEQFF,ALWGFFPVL,0
CASSLGQETQYF,LLWNGPMAV,1
CASSLWGSNEQFF,LLWNGPMAV,0
CASSLGRANEQFF,GILGFVFTL,1
CASSLGQETQYF,GILGFVFTL,0
CASSQGQGDNEQFF,LLWNGPMAV,1
CASSLWGSNEQFF,RAKFKQLL,0
CASSQGQGDNEQFF,GLCTLVAML,0
CASSLGTSNEQFF,LLWNGPMAV,1
CASSQGQGDNEQFF,YLQPRTFLL,1
CASSQTGDNEQFF,GLCTLVAML,1
CASSLDRGNEQFF,RAKFKQLL,1
CASSLGTSNEQFF,GLCTLVAML,1
CASSLGQETQYF,YLQPRTFLL,0
CASSLGRANEQFF,LLWNGPMAV,1
CASSLAKGNEQFF,SLFNTVATL,0
CASSLGTSNEQFF,KLGGALQAK,1
CASSLGRANEQFF,YLQPRTFLL,0
CASSLGTSNEQFF,RAKFKQLL,0
CASSTSGSNEQFF,ALWGFFPVL,0
CASSQTGDNEQFF,KLGGALQAK,0
CASSPGQGDNEQFF,GLCTLVAML,1
CASSLAKGNEQFF,LLWNGPMAV,0
CASSLGRANEQFF,SLFNTVATL,0
CASSLDRGNEQFF,SLFNTVATL,1
CASSLDRGNEQFF,LLWNGPMAV,1
CASSLGTSNEQFF,LLWNGPMAV,0
CASSLDRGNEQFF,GILGFVFTL,0
CASSQTGDNEQFF,GILGFVFTL,1
CASSLWGSNEQFF,RAKFKQLL,1
CASSLDRGNEQFF,ALWGFFPVL,1
CASSQGQGDNEQFF,RAKFKQLL,1
CASSTSGSNEQFF,GLCTLVAML,1
CASSLGTSNEQFF,KLGGALQAK,0
CASSQTGDNEQFF,KLGGALQAK,1
CASSLGTSNEQFF,RAKFKQLL,1
CASSLWGSNEQFF,SLFNTVATL,0
CASSLAKGNEQFF,KVAELVHFL,1
CASSLWGSNEQFF,LLWNGPMAV,1
CASSLGTSNEQFF,LLWNGPMAV,0
CASSPGQGDNEQFF,LLWNGPMAV,1
CASSLGRANEQFF,YLQPRTFLL,0
CASSLWGSNEQFF,LLWNGPMAV,1
CASSLAKGNEQFF,GILGFVFTL,1
CASSLAKGNEQFF,KLGGALQAK,1
CASSLGTSNEQFF,KLGGALQAK,0
CASSLDRGNEQFF,KVAELVHFL,0
CASSLWGSNEQFF,LLWNGPMAV,1
CASSTSGSNEQFF,GILGFVFTL,1
CASSLGTSNEQFF,SLFNTVATL,1
CASSLWGSNEQFF,RAKFKQLL,1
CASSLGQETQYF,GILGFVFTL,0
CASSLGTSNEQFF,SLFNTVATL,1
CASSLWGSNEQFF,ALWGFFPVL,1
CASSTSGSNEQFF,SLFNTVATL,1
CASSQGQGDNEQFF,SLFNTVATL,1
CASSLGQETQYF,YLQPRTFLL,0
CASSTSGSNEQFF,YLQPRTFLL,1
CASSLAKGNEQFF,GLCTLVAML,0
CASSTSGSNEQFF,YLQPRTFLL,1
CASSPGQGDNEQFF,KLGGALQAK,1
CASSLGQETQYF,LLWNGPMAV,0
CASSQGQGDNEQFF,GILGFVFTL,1
CASSQGQGDNEQFF,LLWNGPMAV,0
CASSQTGDNEQFF,SLFNTVATL,0
CASSPGQGDNEQFF,KLGGALQAK,1
CASSQGQGDNEQFF,RAKFKQLL,0
CASSLGTSNEQFF,YLQPRTFLL,0
CASSLGTSNEQFF,SLFNTVATL,1
CASSPGQGDNEQFF,KLGGALQAK,0
CASSLAKGNEQFF,ALWGFFPVL,1
CASSLWGSNEQFF,GLCTLVAML,0
CASSQTGDNEQFF,ALWGFFPVL,0
CASSLWGSNEQFF,KVAELVHFL,1
CASSLGTSNEQFF,GILGFVFTL,0
CASSQTGDNEQFF,KLGGALQAK,0
CASSQGQGDNEQFF,ALWGFFPVL,1
CASSLGQETQYF,RAKFKQLL,1
CASSQTGDNEQFF,RAKFKQLL,1
CASSLWGSNEQFF,LLWNGPMAV,0
CASSLAKGNEQFF,KVAELVHFL,0
CASSLGRANEQFF,LLWNGPMAV,0
CASSTSGSNEQFF,KVAELVHFL,1
CASSQGQGDNEQFF,LLWNGPMAV,1
CASSLGRANEQFF,KLGGALQAK,1
CASSLGRANEQFF,RAKFKQLL,1
CASSTSGSNEQFF,KLGGALQAK,1
CASSLWGSNEQFF,GILGFVFTL,0
CASSLGRANEQFF,ALWGFFPVL,0
CASSLWGSNEQFF,ALWGFFPVL,0
CASSLAKGNEQFF,KVAELVHFL,0
CASSLWGSNEQFF,SLFNTVATL,1
CASSLAKGNEQFF,SLFNTVATL,0
CASSQGQGDNEQFF,RAKFKQLL,0
CASSPGQGDNEQFF,KVAELVHFL,1
CASSLGTSNEQFF,LLWNGPMAV,0
CASSLDRGNEQFF,RAKFKQLL,1
CASSQTGDNEQFF,SLFNTVATL,0
CASSPGQGDNEQFF,SLFNTVATL,1
CASSLWGSNEQFF,GILGFVFTL,1
CASSQGQGDNEQFF,YLQPRTFLL,1
CASSLGQETQYF,LLWNGPMAV,1
CASSLGQETQYF,RAKFKQLL,0
CASSTSGSNEQFF,ALWGFFPVL,1
CASSQGQGDNEQFF,LLWNGPMAV,0
CASSLGTSNEQFF,SLFNTVATL,0
CASSLAKGNEQFF,KLGGALQAK,0
CASSPGQGDNEQFF,SLFNTVATL,1
CASSQTGDNEQFF,KVAELVHFL,0
CASSLGQETQYF,KLGGALQAK,0
CASSLGRANEQFF,LLWNGPMAV,0
CASSQTGDNEQFF,LLWNGPMAV,1
CASSLWGSNEQFF,LLWNGPMAV,1
CASSLWGSNEQFF,LLWNGPMAV,0
CASSLWGSNEQFF,ALWGFFPVL,0
CASSQGQGDNEQFF,ALWGFFPVL,0
CASSPGQGDNEQFF,KVAELVHFL,0
CASSLGQETQYF,GILGFVFTL,1
CASSLDRGNEQFF,KLGGALQAK,1
CASSLAKGNEQFF,KVAELVHFL,0
CASSLGTSNEQFF,YLQPRTFLL,1
CASSQTGDNEQFF,GILGFVFTL,1
CASSLGTSNEQFF,ALWGFFPVL,1
CASSQTGDNEQFF,SLFNTVATL,1
CASSPGQGDNEQFF,GILGFVFTL,0
CASSTSGSNEQFF,LLWNGPMAV,0
CASSLGQETQYF,KVAELVHFL,0
CASSLWGSNEQFF,ALWGFFPVL,0
CASSQGQGDNEQFF,LLWNGPMAV,1
CASSQGQGDNEQFF,GILGFVFTL,0
CASSLGRANEQFF,GLCTLVAML,1
CASSQTGDNEQFF,GLCTLVAML,0
CASSLWGSNEQFF,RAKFKQLL,1
CASSLGQETQYF,LLWNGPMAV,0
CASSPGQGDNEQFF,LLWNGPMAV,0
CASSLWGSNEQFF,SLFNTVATL,0
CASSLGRANEQFF,LLWNGPMAV,0
CASSLGQETQYF,LLWNGPMAV,1
CASSLGRANEQFF,KLGGALQAK,0
CASSLGQETQYF,GILGFVFTL,1
CASSLAKGNEQFF,LLWNGPMAV,1
CASSLGQETQYF,GILGFVFTL,0
CASSLWGSNEQFF,LLWNGPMAV,0
CASSLWGSNEQFF,RAKFKQLL,0
CASSLWGSNEQFF,GILGFVFTL,1
CASSLGTSNEQFF,KLGGALQAK,0
CASSLWGSNEQFF,KVAELVHFL,1
CASSLGQETQYF,KLGGALQAK,0
CASSTSGSNEQFF,LLWNGPMAV,0
CASSQTGDNEQFF,GLCTLVAML,1
CASSQTGDNEQFF,RAKFKQLL,1
CASSLGTSNEQFF,GLCTLVAML,1
CASSLDRGNEQFF,KLGGALQAK,0
CASSPGQGDNEQFF,LLWNGPMAV,1
CASSLWGSNEQFF,KVAELVHFL,0
CASSLAKGNEQFF,GILGFVFTL,0
CASSPGQGDNEQFF,KLGGALQAK,0
CASSLDRGNEQFF,GLCTLVAML,1
CASSPGQGDNEQFF,GLCTLVAML,1
CASSQGQGDNEQFF,GLCTLVAML,1
CASSLGRANEQFF,LLWNGPMAV,0
CASSQTGDNEQFF,RAKFKQLL,1
CASSQGQGDNEQFF,LLWNGPMAV,0
CASSTSGSNEQFF,SLFNTVATL,1
CASSLGQETQYF,SLFNTVATL,0
CASSTSGSNEQFF,YLQPRTFLL,0
CASSPGQGDNEQFF,LLWNGPMAV,0
CASSPGQGDNEQFF,KLGGALQAK,0
CASSLGRANEQFF,RAKFKQLL,0
CASSLDRGNEQFF,YLQPRTFLL,1
CASSQTGDNEQFF,ALWGFFPVL,1
CASSLGRANEQFF,KLGGALQAK,1
CASSQGQGDNEQFF,GLCTLVAML,0
CASSLGTSNEQFF,KLGGALQAK,0
CASSLWGSNEQFF,GILGFVFTL,1
CASSLGTSNEQFF,LLWNGPMAV,0
CASSLDRGNEQFF,LLWNGPMAV,0
CASSLGRANEQFF,SLFNTVATL,1
CASSPGQGDNEQFF,LLWNGPMAV,1
CASSLGTSNEQFF,KVAELVHFL,1
CASSLGRANEQFF,KVAELVHFL,1
CASSQTGDNEQFF,LLWNGPMAV,1
CASSTSGSNEQFF,LLWNGPMAV,1
CASSLGQETQYF,KLGGALQAK,0
CASSTSGSNEQFF,YLQPRTFLL,1
CASSLGTSNEQFF,RAKFKQLL,1
CASSQTGDNEQFF,GLCTLVAML,0
CASSLGTSNEQFF,YLQPRTFLL,0
CASSLAKGNEQFF,KLGGALQAK,0
CASSLAKGNEQFF,GLCTLVAML,1
CASSLDRGNEQFF,KLGGALQAK,0
CASSLGRANEQFF,RAKFKQLL,0
CASSLGTSNEQFF,RAKFKQLL,0
CASSLGQETQYF,RAKFKQLL,1
CASSLGTSNEQFF,KVAELVHFL,0
CASSTSGSNEQFF,KVAELVHFL,1
CASSLGTSNEQFF,KLGGALQAK,0
CASSPGQGDNEQFF,ALWGFFPVL,0
CASSLDRGNEQFF,GLCTLVAML,0
CASSQTGDNEQFF,YLQPRTFLL,0
CASSQGQGDNEQFF,SLFNTVATL,0
CASSLWGSNEQFF,LLWNGPMAV,1
CASSLGTSNEQFF,GLCTLVAML,0
CASSQTGDNEQFF,LLWNGPMAV,0
CASSLGRANEQFF,LLWNGPMAV,0
CASSLDRGNEQFF,GILGFVFTL,1
CASSLDRGNEQFF,RAKFKQLL,1
CASSTSGSNEQFF,YLQPRTFLL,0
CASSLGRANEQFF,RAKFKQLL,0
CASSQGQGDNEQFF,YLQPRTFLL,0
CASSTSGSNEQFF,YLQPRTFLL,0
CASSLDRGNEQFF,GLCTLVAML,1
CASSTSGSNEQFF,LLWNGPMAV,1
CASSLGQETQYF,YLQPRTFLL,1
CASSQGQGDNEQFF,KVAELVHFL,1
CASSQTGDNEQFF,SLFNTVATL,0
CASSLWGSNEQFF,LLWNGPMAV,1
CASSLDRGNEQFF,ALWGFFPVL,0
CASSTSGSNEQFF,LLWNGPMAV,1
CASSLGQETQYF,LLWNGPMAV,1
CASSLDRGNEQFF,GILGFVFTL,1
CASSTSGSNEQFF,KLGGALQAK,0
CASSLDRGNEQFF,GLCTLVAML,1
CASSLGTSNEQFF,GILGFVFTL,0
CASSLGTSNEQFF,GLCTLVAML,0
CASSQTGDNEQFF,GLCTLVAML,1
CASSLGQETQYF,GILGFVFTL,0
CASSLGQETQYF,KVAELVHFL,0
CASSQTGDNEQFF,LLWNGPMAV,0
CASSQGQGDNEQFF,LLWNGPMAV,0
CASSPGQGDNEQFF,GILGFVFTL,1
CASSLGRANEQFF,GLCTLVAML,1
CASSQGQGDNEQFF,KLGGALQAK,0
CASSQTGDNEQFF,LLWNGPMAV,1
CASSQTGDNEQFF,KVAELVHFL,0
CASSQGQGDNEQFF,GILGFVFTL,0
CASSLWGSNEQFF,KLGGALQAK,0
CASSLGTSNEQFF,ALWGFFPVL,0
CASSLGTSNEQFF,KVAELVHFL,1
CASSQTGDNEQFF,YLQPRTFLL,0
CASSQTGDNEQFF,KLGGALQAK,0
CASSLDRGNEQFF,LLWNGPMAV,0
CASSLGQETQYF,KVAELVHFL,0
CASSLGQETQYF,RAKFKQLL,1
CASSLWGSNEQFF,YLQPRTFLL,1
CASSQGQGDNEQFF,RAKFKQLL,0
CASSLDRGNEQFF,LLWNGPMAV,0
CASSLAKGNEQFF,KLGGALQAK,1
CASSLGTSNEQFF,ALWGFFPVL,0
CASSLGQETQYF,ALWGFFPVL,1
CASSLAKGNEQFF,ALWGFFPVL,0
CASSLDRGNEQFF,KVAELVHFL,0
CASSLWGSNEQFF,RAKFKQLL,0
CASSTSGSNEQFF,LLWNGPMAV,1
CASSLGTSNEQFF,GILGFVFTL,0
CASSLGTSNEQFF,LLWNGPMAV,1
CASSLDRGNEQFF,ALWGFFPVL,0
CASSQTGDNEQFF,ALWGFFPVL,1
CASSQTGDNEQFF,GILGFVFTL,0
CASSTSGSNEQFF,GLCTLVAML,0
CASSQGQGDNEQFF,KLGGALQAK,1
CASSTSGSNEQFF,SLFNTVATL,0
CASSLWGSNEQFF,ALWGFFPVL,0
CASSLGTSNEQFF,YLQPRTFLL,1
CASSLDRGNEQFF,YLQPRTFLL,0
CASSLGTSNEQFF,SLFNTVATL,0
CASSQTGDNEQFF,GLCTLVAML,0
CASSLGQETQYF,YLQPRTFLL,1
CASSTSGSNEQFF,ALWGFFPVL,0
CASSQTGDNEQFF,GILGFVFTL,1
CASSLGTSNEQFF,LLWNGPMAV,1
CASSLGTSNEQFF,KVAELVHFL,1
CASSQGQGDNEQFF,YLQPRTFLL,0
CASSLDRGNEQFF,RAKFKQLL,0
CASSLWGSNEQFF,GILGFVFTL,1
CASSTSGSNEQFF,LLWNGPMAV,0
CASSLGRANEQFF,LLWNGPMAV,0
CASSLDRGNEQFF,RAKFKQLL,0
CASSQTGDNEQFF,GILGFVFTL,0
CASSLGRANEQFF,GILGFVFTL,0
CASSLGTSNEQFF,ALWGFFPVL,0
CASSLWGSNEQFF,SLFNTVATL,0
CASSQGQGDNEQFF,ALWGFFPVL,0
CASSLGTSNEQFF,LLWNGPMAV,1
CASSLAKGNEQFF,GLCTLVAML,0
CASSPGQGDNEQFF,LLWNGPMAV,1
CASSQGQGDNEQFF,LLWNGPMAV,1
CASSLGRANEQFF,RAKFKQLL,1
CASSLDRGNEQFF,GILGFVFTL,1
CASSLGQETQYF,LLWNGPMAV,0
CASSLDRGNEQFF,SLFNTVATL,1
CASSPGQGDNEQFF,GILGFVFTL,0
CASSLAKGNEQFF,LLWNGPMAV,1
CASSLGRANEQFF,LLWNGPMAV,1
CASSLDRGNEQFF,LLWNGPMAV,1
CASSQTGDNEQFF,LLWNGPMAV,0
CASSLGQETQYF,RAKFKQLL,0
CASSQTGDNEQFF,KLGGALQAK,1
CASSLGQETQYF,YLQPRTFLL,0
CASSPGQGDNEQFF,LLWNGPMAV,1
CASSQGQGDNEQFF,GLCTLVAML,1
CASSLDRGNEQFF,LLWNGPMAV,1
CASSLDRGNEQFF,KLGGALQAK,0
CASSTSGSNEQFF,LLWNGPMAV,1
CASSLAKGNEQFF,RAKFKQLL,0
CASSLGTSNEQFF,SLFNTVATL,0
CASSPGQGDNEQFF,LLWNGPMAV,0
CASSLAKGNEQFF,GLCTLVAML,0
CASSQTGDNEQFF,LLWNGPMAV,0
CASSLAKGNEQFF,KLGGALQAK,1
CASSLAKGNEQFF,YLQPRTFLL,1
CASSLGRANEQFF,GILGFVFTL,0
CASSQGQGDNEQFF,LLWNGPMAV,1
CASSQTGDNEQFF,GLCTLVAML,0
CASSQTGDNEQFF,YLQPRTFLL,1
CASSTSGSNEQFF,ALWGFFPVL,0
CASSLDRGNEQFF,GILGFVFTL,1
CASSLAKGNEQFF,GLCTLVAML,0
CASSLGTSNEQFF,RAKFKQLL,0
CASSLAKGNEQFF,GILGFVFTL,0
CASSQGQGDNEQFF,ALWGFFPVL,0
CASSPGQGDNEQFF,GLCTLVAML,0
CASSLWGSNEQFF,ALWGFFPVL,0
CASSLGTSNEQFF,GLCTLVAML,0
CASSLAKGNEQFF,RAKFKQLL,1
CASSTSGSNEQFF,GILGFVFTL,0
CASSLDRGNEQFF,KVAELVHFL,1
CASSLWGSNEQFF,KLGGALQAK,1
CASSLGTSNEQFF,LLWNGPMAV,1
CASSQTGDNEQFF,LLWNGPMAV,1
CASSQTGDNEQFF,RAKFKQLL,1
CASSLGQETQYF,GLCTLVAML,0
CASSLGQETQYF,KVAELVHFL,1
CASSPGQGDNEQFF,KVAELVHFL,0
CASSLGRANEQFF,LLWNGPMAV,1
CASSTSGSNEQFF,SLFNTVATL,1
CASSPGQGDNEQFF,RAKFKQLL,0
CASSLDRGNEQFF,GLCTLVAML,1
CASSLWGSNEQFF,SLFNTVATL,1
CASSLGRANEQFF,LLWNGPMAV,1
CASSLGQETQYF,GILGFVFTL,0
CASSLDRGNEQFF,SLFNTVATL,1
CASSLAKGNEQFF,GILGFVFTL,1
CASSLDRGNEQFF,GILGFVFTL,0
CASSLGRANEQFF,LLWNGPMAV,0
CASSQTGDNEQFF,GLCTLVAML,1
CASSLGRANEQFF,GILGFVFTL,0
CASSLGTSNEQFF,LLWNGPMAV,1
CASSLWGSNEQFF,SLFNTVATL,1
CASSPGQGDNEQFF,LLWNGPMAV,0
CASSLGQETQYF,KLGGALQAK,0
CASSTSGSNEQFF,KLGGALQAK,1
CASSLWGSNEQFF,YLQPRTFLL,0
CASSTSGSNEQFF,LLWNGPMAV,0
CASSLAKGNEQFF,YLQPRTFLL,0
CASSLDRGNEQFF,GLCTLVAML,0
CASSQTGDNEQFF,LLWNGPMAV,1
CASSLWGSNEQFF,YLQPRTFLL,0
CASSLGTSNEQFF,ALWGFFPVL,0
CASSTSGSNEQFF,KLGGALQAK,0
CASSTSGSNEQFF,LLWNGPMAV,1
CASSPGQGDNEQFF,KVAELVHFL,1
CASSPGQGDNEQFF,GILGFVFTL,0
CASSLGRANEQFF,YLQPRTFLL,0
CASSLGQETQYF,KVAELVHFL,0
CASSQTGDNEQFF,SLFNTVATL,0
CASSLAKGNEQFF,KLGGALQAK,0
CASSPGQGDNEQFF,GILGFVFTL,1
CASSQGQGDNEQFF,LLWNGPMAV,1
CASSQGQGDNEQFF,GILGFVFTL,1
CASSLGQETQYF,LLWNGPMAV,1
CASSLGRANEQFF,RAKFKQLL,0
CASSQTGDNEQFF,KLGGALQAK,1
CASSLWGSNEQFF,LLWNGPMAV,0
CASSLWGSNEQFF,LLWNGPMAV,1
CASSLDRGNEQFF,YLQPRTFLL,0
CASSPGQGDNEQFF,KVAELVHFL,1
CASSLGTSNEQFF,KVAELVHFL,0
CASSLGTSNEQFF,SLFNTVATL,1
CASSLAKGNEQFF,LLWNGPMAV,0
CASSLGTSNEQFF,GILGFVFTL,1
CASSLGTSNEQFF,RAKFKQLL,1
CASSLWGSNEQFF,RAKFKQLL,0
CASSQGQGDNEQFF,YLQPRTFLL,1
CASSLAKGNEQFF,GLCTLVAML,0
CASSTSGSNEQFF,RAKFKQLL,0
CASSPGQGDNEQFF,SLFNTVATL,0
CASSLGQETQYF,YLQPRTFLL,0
CASSPGQGDNEQFF,KLGGALQAK,0
